Name,Control,Region,Locale,Admission Rate,Undergrad Population,Average Cost,ACT Median,SAT Average,% White,% Black,% Hispanic,% Asian,% American Indian,% Pacific Islander,% Biracial,% Nonresident Aliens,% Part-time Undergrads,Average Cost,Expenditure Per Student,Average Faculty Salary,% Full-time Faculty,% Undergrads with Pell Grant,Completion Rate 150% time,Retention Rate (First Time Students),% Undergrads 25+ y.o.,Median Debt,Median Debt on Graduation,Median Debt on Withdrawal,% Federal Loans,% Pell Grant Recipients,Average Age of Entry,Average Family Income,Median Family Income,Poverty Rate,Number of Unemployed 8 years after entry,Number of Employed 8 years after entry,Mean Earnings 8 years After Entry,Median Earnings 8 years After Entry,City School
CUNY John Jay College of Criminal Justice,Public,Mid-Atlantic,Large City,0.3405,12838,13308,0,950,0.2214,0.1934,0.4286,0.1099,0.0035,0.006,0.0103,0.027,0.1922,13308,8585,7339,0.3844,0.5446,0.335,0.7795,0.2011,8251,11500,6500,0.370000005,0.850000024,21.21999931,30945.09,23126,19.87999916,521,3924,41800,37600,1
CUNY Queens College,Public,Mid-Atlantic,Large City,0.3702,14424,13676,0,1100,0.3531,0.0728,0.2714,0.2412,0.0017,0.0035,0.006,0.0503,0.2544,13676,8204,7624,0.4045,0.3807,0.5635,0.8444,0.2501,9054,11200,7639.5,0.370000005,0.819999993,23.03000069,31861.75,22794.5,11.64999962,428,2581,45300,42300,1
CUNY Brooklyn College,Public,Mid-Atlantic,Large City,0.3198,12625,13903,0,1100,0.3796,0.2187,0.179,0.1739,0.0016,0.0023,0.0116,0.0334,0.2504,13903,8845,7529,0.4509,0.4816,0.51,0.864,0.2761,9500,11000,8500,0.439999998,0.850000024,23.25,27433.12,19691,18.70000076,563,2980,43100,39300,1
CUNY York College,Public,Mid-Atlantic,Large City,0.351,7361,13967,0,905,0.0693,0.4181,0.2285,0.2122,0.009,0.0096,0.0091,0.0442,0.3066,13967,8154,7001,0.3626,0.5399,0.2635,0.7415,0.2812,7000,10000,5500,0.230000004,0.930000007,24.18000031,25815.23,21863,16.60000038,276,1709,39100,35700,1
Metropolitan State University of Denver,Public,Rocky Mountains,Large City,0.7116,21696,14034,21,973,0.6064,0.0604,0.2095,0.0342,0.0073,0.0026,0.0338,0.0046,0.3994,14034,4898,5904,1,0.3851,0.2597,0.658,0.4505,13450.5,25000,9997,0.879999995,0.629999995,25.09000015,46429.22,32755,6.050000191,864,4688,38200,34900,1
CUNY City College,Public,Mid-Atlantic,Large City,0.341,11820,14041,0,1110,0.1675,0.183,0.3226,0.2353,0.0008,0.0043,0.0108,0.0756,0.2215,14041,13009,8257,0.4029,0.5073,0.4201,0.8747,0.2353,10000,12500,8000,0.400000006,0.860000014,23.11000061,26864.6,20534,21.60000038,389,2368,43400,39700,1
College of Staten Island CUNY,Public,Mid-Atlantic,Large City,0.9975,12974,14298,0,1000,0.5193,0.1303,0.1978,0.1124,0.0016,0.0022,0.0103,0.0261,0.2479,14298,7802,7198,0.3447,0.4463,0.2912,0.8286,0.195,9000,16872,7500,0.430000007,0.800000012,22.35000038,40286.29,27650,12.27000046,495,2723,40400,35200,1
CUNY Hunter College,Public,Mid-Atlantic,Large City,0.2972,15697,14478,0,1160,0.3169,0.1003,0.2488,0.2424,0.0022,0.0074,0.0162,0.0657,0.2563,14478,8762,7895,0.3689,0.4097,0.5038,0.8669,0.2224,9500,10500,8500,0.439999998,0.790000021,22.44000053,32945.53,22554,16.98999977,571,3245,43500,40400,1
California State University-Los Angeles,Public,Far West,Large City,0.6752,19525,14747,18,871,0.0812,0.0465,0.5965,0.1645,0.001,0.0029,0.016,0.0479,0.168,14747,6569,8767,0.4996,0.6447,0.3565,0.8206,0.2574,12000.5,14125,9834,0.560000002,0.829999983,24.20999908,27649.23,20015,17.51000023,591,4511,42200,39400,1
Wichita State University,Public,Great Plains,Large City,0.9576,11198,14764,24,1089,0.6516,0.0597,0.0914,0.0695,0.0088,0.0016,0.0253,0.0561,0.235,14764,6594,7568,0.9223,0.3595,0.4637,0.7449,0.2883,15250,21750,11000,0.920000017,0.579999983,23.88999939,52548.32,41686,6.900000095,386,2950,39500,36400,1
CUNY Bernard M Baruch College,Public,Mid-Atlantic,Large City,0.2483,13698,15112,0,1225,0.2799,0.0923,0.1545,0.3397,0.0017,0.003,0.0073,0.1217,0.2413,15112,7969,8651,0.4624,0.4502,0.6687,0.8762,0.2613,10000,11500,8000,0.310000002,0.889999986,21.77000046,29059.07,21425,17.48999977,477,3161,54100,49500,1
The University of Texas at El Paso,Public,Southwest,Large City,0.9981,19527,15272,20,923,0.0757,0.0269,0.8281,0.0075,0.0022,0.0012,0.0061,0.0489,0.3372,15272,6854,8167,0.7051,0.5802,0.3946,0.6989,0.257,12500,18250,10750,0.75999999,0.839999974,22.97999954,31959.81,22907,19.01000023,525,4251,37300,34300,1
North Carolina A & T State University,Public,Southeast,Large City,0.6964,8577,15313,19,902,0.0429,0.8681,0.0208,0.0069,0.0034,0.001,0.0203,0.0178,0.0655,15313,9006,8227,0.7231,0.5878,0.4289,0.7977,0.1128,19843,23005.5,19500,0.949999988,0.709999979,20.61000061,50618.06,37668.5,10.72999954,341,3148,34100,29900,1
University of Louisiana at Lafayette,Public,Southeast,Mid-size City,0.593,14261,15342,23,1070,0.6842,0.213,0.0316,0.0193,0.0043,0.0008,0.0158,0.022,0.1393,15342,4963,7568,0.813,0.3405,0.4482,0.7426,0.1574,13000,20898,9500,0.819999993,0.680000007,21.45999908,50339.7,35091,15.47999954,437,3486,38800,34600,1
University of New Orleans,Public,Southeast,Large City,0.5036,6854,16212,23,1072,0.5626,0.1548,0.0988,0.0779,0.0045,0.0006,0.0274,0.0317,0.2257,16212,8079,7448,0.7303,0.3202,0.3214,0.6748,0.305,11750,17821,8500,0.769999981,0.74000001,22.29999924,40387.97,27630.5,14,451,3190,37600,32900,1
California State University-Fresno,Public,Far West,Large City,0.5815,19911,16377,19,920,0.2511,0.0404,0.4258,0.1566,0.0038,0.0025,0.0305,0.0344,0.1186,16377,6446,8027,0.5161,0.5407,0.4859,0.8323,0.1628,14500,16500,12000,0.699999988,0.800000012,22.36000061,40758.26,28781,16.06999969,537,4757,40700,38100,1
University of Colorado Colorado Springs,Public,Rocky Mountains,Large City,0.91,8888,16707,23,1068,0.6854,0.0375,0.1412,0.0327,0.0055,0.0033,0.0577,0.0086,0.2185,16707,6820,7285,0.5355,0.3222,0.4598,0.7137,0.2405,12500,21000,8250,0.899999976,0.540000021,22.87000084,61852.58,48420,5.400000095,285,1704,41300,37300,1
University of New Mexico-Main Campus,Public,Southwest,Large City,0.6458,20847,16822,22,1038,0.37,0.0267,0.4482,0.0292,0.0602,0.0019,0.0328,0.01,0.1929,16822,11288,8938,0.6987,0.3846,0.4828,0.7769,0.2616,14164.5,20500,11432,0.730000019,0.790000021,23.96999931,39057.95,26437,15.77000046,1041,5241,37800,31900,1
University of Nebraska at Omaha,Public,Great Plains,Large City,0.7078,12153,16860,23,1070,0.7234,0.0652,0.0871,0.0267,0.0042,0.0012,0.0298,0.0315,0.2227,16860,7900,7860,0.4981,0.3252,0.4211,0.7476,0.2258,13631,21000,9200,0.910000026,0.5,21.67000008,67569.73,57671,5.360000134,220,2655,41700,38300,1
California State University-San Bernardino,Public,Far West,Mid-size City,0.5831,15887,17030,18,888,0.1743,0.0729,0.5549,0.0632,0.0025,0.0023,0.0283,0.0555,0.1065,17030,6585,8558,0.5046,0.5799,0.4112,0.8879,0.2094,16431,18482,12500,0.75,0.779999971,24.04000092,40191.82,28986.5,13.35999966,552,3762,42300,40600,1
University of South Alabama,Public,Southeast,Mid-size City,0.8604,11048,17125,23,1064,0.6374,0.229,0.0246,0.0337,0.0088,0.0018,0.0226,0.0284,0.2076,17125,10325,7212,0.6418,0.3743,0.3342,0.6787,0.2343,15000,25000,9500,0.899999976,0.639999986,23.69000053,45401.94,30958,12.5,413,2802,39900,34400,1
Brigham Young University-Provo,Private,Rocky Mountains,Mid-size City,0.4942,27765,17174,29,1277,0.8344,0.0047,0.0554,0.0198,0.0041,0.006,0.031,0.0323,0.0966,17174,13268,9649,0.7409,0.3578,0.7797,0.8461,0.122,9260.5,11000,7400,0.540000021,0.889999986,21.70000076,42156.62,20347,8.039999962,2217,6090,55500,47400,1
University of North Carolina at Greensboro,Public,Southeast,Large City,0.6002,14138,17362,23,1029,0.5752,0.2546,0.063,0.0431,0.0037,0.0011,0.0387,0.0174,0.1265,17362,8803,7926,0.821,0.4432,0.5541,0.7386,0.1957,16000,22500,9500,0.930000007,0.589999974,21.55999947,62041.39,50195,7.539999962,319,3143,35300,33300,1
University of Nevada-Las Vegas,Public,Far West,Mid-size City,0.8512,22742,17478,22,1003,0.3836,0.0762,0.2315,0.1634,0.003,0.0167,0.0759,0.037,0.2741,17478,8741,9986,1,0.3351,0.4288,0.7733,0.2531,12608,19491,10342,0.829999983,0.639999986,22.79999924,51263.5,36398.5,7.25,524,3684,42300,38800,1
Middle Tennessee State University,Public,Southeast,Mid-size City,0.6996,20914,17501,22,1011,0.6662,0.2066,0.0417,0.026,0.0033,0.001,0.0281,0.0144,0.1702,17501,7418,7029,0.7393,0.4485,0.4565,0.6838,0.2315,15000,22170.5,10250,0.879999995,0.589999974,22.07999992,57627.86,42980,7.849999905,597,5204,37100,33100,1
University of North Carolina at Charlotte,Public,Southeast,Large City,0.6852,21400,17767,23,1066,0.6135,0.1666,0.0743,0.0504,0.0038,0.0014,0.0326,0.0246,0.1447,17767,8855,8337,0.7211,0.4046,0.539,0.8038,0.1884,16500,23005,10166.5,0.920000017,0.560000002,21.90999985,64318,51983,6.769999981,435,4073,42600,38300,1
California State University-Long Beach,Public,Far West,Large City,0.3082,30440,18085,21,1012,0.214,0.0399,0.3672,0.2292,0.0056,0.0042,0.0431,0.0531,0.1565,18085,7422,8671,0.5029,0.4733,0.6033,0.8876,0.1708,14494,15775,11000,0.720000029,0.709999979,22.19000053,45976.99,30725,11.93999958,680,5955,45300,42400,1
Buffalo State SUNY,Public,Mid-Atlantic,Large City,0.4853,9190,18088,0,975,0.6294,0.2055,0.093,0.0217,0.0037,0.0013,0.0297,0.0133,0.0999,18088,9298,7444,0.4941,0.4594,0.4892,0.7532,0.1765,15895.5,21665.5,10750,0.899999976,0.610000014,22.25,57184.5,45557,10.48999977,335,3388,36300,34300,1
University of North Carolina Wilmington,Public,Southeast,Mid-size City,0.5419,12178,18165,24,1154,0.8043,0.048,0.0622,0.0195,0.0048,0.0017,0.0282,0.0069,0.0694,18165,7865,7872,0.7085,0.2825,0.7099,0.864,0.1328,16500,20624,9761.5,0.949999988,0.469999999,21.12999916,75837.12,63608.5,7.730000019,269,2651,39100,35700,1
Boise State University,Public,Rocky Mountains,Mid-size City,0.7766,16557,18227,23,1050,0.7621,0.0157,0.0912,0.0228,0.0069,0.0042,0.03,0.0368,0.2494,18227,6777,6905,0.5643,0.3715,0.3801,0.7129,0.3182,16309,24898,11582,0.889999986,0.680000007,24.61000061,45640.12,33780.5,7.199999809,794,4723,37100,33000,1
North Dakota State University-Main Campus,Public,Great Plains,Mid-size City,0.841,11629,18277,24,1091,0.8758,0.0244,0.0141,0.0132,0.0068,0.0004,0.0177,0.036,0.0832,18277,7707,8163,0.9872,0.2251,0.5308,0.7805,0.0888,17000,25050,8250,0.980000019,0.430000007,20.52000046,76035.12,71695,6.590000153,182,3463,47900,41400,1
University of Hawaii at Manoa,Public,Far West,Large City,0.8009,14097,18491,24,1087,0.1834,0.0123,0.0874,0.4042,0.0021,0.0389,0.2463,0.0238,0.1614,18491,17768,10360,0.7777,0.3086,0.5651,0.7787,0.1755,13750,19509,8250,0.850000024,0.560000002,22.32999992,54876.85,39485,7.199999809,400,2956,43100,38500,1
University of North Texas,Public,Southwest,Mid-size City,0.5969,31243,18593,24,1100,0.5114,0.1423,0.206,0.0535,0.0052,0.0012,0.0313,0.0392,0.2278,18593,7571,9746,1,0.3645,0.4993,0.7503,0.2361,14955,20750,9835.5,0.939999998,0.529999971,22.26000023,64825.21,49512,7.210000038,695,6921,41200,39400,1
University of Colorado Denver,Public,Rocky Mountains,Large City,0.7587,10470,18822,23,1073,0.5199,0.0496,0.1547,0.0963,0.0048,0.0014,0.0337,0.0981,0.2589,18822,25568,9364,0.6723,0.2777,0.4129,0.7521,0.2507,16750,22995,11368,0.899999976,0.49000001,24.68000031,51853.53,36176,5.599999905,332,2205,60300,50100,1
Indiana University-Purdue University-Fort Wayne,Public,Great Lakes,Large City,0.8309,9795,18837,22,996,0.8205,0.0542,0.0513,0.0218,0.0032,0.0003,0.0264,0.0165,0.25,18837,6082,7355,0.9353,0.3675,0.2594,0.6719,0.2112,15517,26000,10791,0.899999976,0.600000024,23.39999962,55513.79,45905.5,5.690000057,414,3099,34800,32000,1
Austin Peay State University,Public,Southeast,Mid-size City,0.8595,9271,18852,22,1009,0.6597,0.1913,0.0554,0.0146,0.004,0.0023,0.0455,0.0038,0.2606,18852,6847,6879,1,0.5384,0.3603,0.6618,0.3501,15000,25000,12101,0.879999995,0.699999988,24.46999931,41615.23,30942,8.930000305,375,2092,34000,31700,1
University of Houston-Downtown,Public,Southwest,Large City,0.9509,13297,18879,19,894,0.18,0.2529,0.3947,0.0919,0.0044,0.0032,0.0092,0.052,0.483,18879,4306,7279,0.5322,0.4744,0.1408,0.6309,0.485,13000,21000,11461,0.720000029,0.790000021,24.62000084,32529.26,24928.5,13.43000031,372,2888,41300,38500,1
The University of Texas at San Antonio,Public,Southwest,Large City,0.7327,23840,18936,23,1050,0.2772,0.0934,0.487,0.0532,0.0016,0.0018,0.0273,0.0477,0.1657,18936,6338,9272,0.7178,0.4379,0.3,0.6437,0.1915,16490,23723,10749,0.920000017,0.670000017,22.20000076,53600.77,38470,10.67000008,717,6912,42200,39700,1
University of Utah,Public,Rocky Mountains,Mid-size City,0.8174,23273,19048,24,1109,0.7156,0.0122,0.0938,0.0505,0.0054,0.0059,0.0319,0.0664,0.268,19048,12835,7764,0.9448,0.3225,0.6037,0.8791,0.3208,12839,15400,10821,0.829999983,0.670000017,23.54000092,47548.1,32294,6.059999943,830,5127,51600,44300,1
Missouri State University-Springfield,Public,Great Plains,Mid-size City,0.851,15746,19117,24,1090,0.8171,0.0446,0.0313,0.0134,0.0051,0.0017,0.03,0.0411,0.1308,19117,6697,7135,0.6633,0.3198,0.5337,0.7525,0.1412,15000,22375,10250,0.939999998,0.50999999,21.57999992,69002.88,57869.5,7.639999866,449,4364,37300,34100,1
The University of Tennessee-Chattanooga,Public,Southeast,Mid-size City,0.7757,10184,19192,23,1069,0.7411,0.1137,0.0321,0.017,0.0024,0.001,0.0777,0.0067,0.112,19192,7034,7477,0.6318,0.3527,0.3714,0.6912,0.129,11420.5,20500,7112.5,0.860000014,0.600000024,21.47999954,56874.59,43600,9.479999542,179,1865,36100,33300,1
University of South Florida-Main Campus,Public,Southeast,Large City,0.4524,30376,19299,26,1168,0.5493,0.1106,0.1961,0.0603,0.0021,0.0029,0.0322,0.0317,0.2283,19299,8322,8082,0.7713,0.4127,0.6321,0.8878,0.2112,16954,19735,12500,0.870000005,0.629999995,22.48999977,52366.99,36808.5,7.980000019,978,8367,40600,37900,1
California State University-Sacramento,Public,Far West,Large City,0.6968,25991,19380,20,945,0.3247,0.0591,0.2567,0.2086,0.0046,0.0093,0.0585,0.0149,0.191,19380,7281,8364,0.4894,0.505,0.4285,0.8251,0.2521,15000,17250,12000,0.75999999,0.730000019,23.13999939,43423.41,28449,10.14000034,772,5864,45200,42700,1
University of North Florida,Public,Southeast,Large City,0.5343,14006,19415,25,1143,0.6997,0.0985,0.0929,0.0432,0.0011,0.0009,0.0471,0.0131,0.2867,19415,5323,7279,0.7889,0.348,0.4995,0.8167,0.2453,14000,17479,9882,0.870000005,0.579999983,22.59000015,55334.71,41844.5,7.119999886,324,2877,41100,38400,1
University of Massachusetts-Boston,Public,New England,Large City,0.7141,11786,19763,0,1015,0.4157,0.1554,0.1198,0.1201,0.0014,0.0003,0.0249,0.0968,0.2668,19763,12405,10100,0.5202,0.3831,0.4358,0.7747,0.3335,16362,0,16357,0.889999986,0.600000024,24.06999969,47234.62,33287,9.010000229,323,2298,46000,42400,1
Portland State University,Public,Far West,Large City,0.6117,20085,19843,0,1045,0.6232,0.0343,0.1009,0.0769,0.0147,0.0075,0.0494,0.0499,0.2992,19843,8562,8286,0.5033,0.4019,0.417,0.7303,0.411,18832,24568.5,14166,0.930000007,0.639999986,24.51000023,44977.8,29525.5,7.110000134,784,4591,42600,38200,1
University of Arkansas at Little Rock,Public,Southeast,Mid-size City,0.5274,8504,19894,24,1077,0.5514,0.2656,0.0623,0.023,0.0033,0.0004,0.0642,0.0293,0.3813,19894,7292,7480,1,0.4027,0.2438,0.6973,0.4062,14250,23000,10500,0.920000017,0.74000001,25.13999939,37463.78,26332.5,10.96000004,432,2414,34600,31600,1
University of Alabama at Birmingham,Public,Southeast,Mid-size City,0.8673,11200,19990,25,1146,0.5987,0.259,0.0258,0.0518,0.0026,0.0007,0.0344,0.014,0.2579,19990,17208,10170,0.9106,0.3505,0.5377,0.8016,0.2422,16250,23117,11886,0.920000017,0.589999974,22.67000008,49894.65,34909,10.90999985,387,3121,42100,37200,1
Wayne State University,Public,Great Lakes,Large City,0.7624,17789,20199,23,1050,0.5317,0.2136,0.0417,0.0783,0.004,0.0013,0.0262,0.025,0.3182,20199,13146,9689,0.5301,0.4804,0.3235,0.7695,0.2745,16000,21500,13500,0.879999995,0.660000026,23.45000076,44037.59,30304.5,11.52999973,726,4260,45800,36700,1
San Diego State University,Public,Far West,Large City,0.3121,26625,20252,24,1090,0.3719,0.0384,0.2946,0.14,0.0027,0.0035,0.0599,0.0409,0.1046,20252,6797,9229,0.5404,0.3956,0.6616,0.8775,0.1651,14495,16460,11004.5,0.819999993,0.629999995,21.98999977,57515.91,37534,9.479999542,711,6425,47300,44000,1
University of Alabama in Huntsville,Public,Southeast,Mid-size City,0.8062,5525,20306,26,1180,0.7012,0.131,0.0338,0.0364,0.0145,0.0002,0.0161,0.0329,0.2395,20306,9352,9341,0.6555,0.3281,0.4835,0.8098,0.264,16500,24738,10500,0.920000017,0.600000024,23.19000053,54155.4,39766,9.369999886,151,1224,45800,41500,1
University of Florida,Public,Southeast,Mid-size City,0.4655,32346,20456,29,1272,0.5843,0.074,0.1902,0.0754,0.0026,0.007,0.0282,0.0105,0.0709,20456,15167,10498,0.853,0.3207,0.8654,0.9646,0.0561,14546,15132.5,10250,0.850000024,0.600000024,20.48999977,64142.77,45776.5,8.729999542,627,6609,54600,46600,1
North Carolina State University at Raleigh,Public,Southeast,Large City,0.5001,22977,20511,28,1229,0.7512,0.0691,0.0427,0.0523,0.0045,0.0006,0.0314,0.0267,0.0717,20511,13831,9774,0.8813,0.2247,0.7359,0.9258,0.0974,17750,20500,12000,0.910000026,0.469999999,20.54000092,76057.18,66351,7.360000134,306,4025,49900,44100,1
Old Dominion University,Public,Southeast,Mid-size City,0.7679,19483,20531,21,1016,0.5207,0.2588,0.0662,0.0443,0.0043,0.0048,0.0551,0.0123,0.2275,20531,8097,8729,0.9663,0.3395,0.5117,0.7956,0.2658,18000,23867,14250,0.939999998,0.540000021,23.12000084,60966.47,48850,7.599999905,390,3899,42800,39200,1
California State University-East Bay,Public,Far West,Mid-size City,0.6872,12079,20676,19,910,0.1843,0.1083,0.2546,0.2439,0.0016,0.0111,0.0572,0.0659,0.1301,20676,6978,8804,0.4163,0.4426,0.3808,0.7753,0.3269,12500,16312,11349.5,0.720000029,0.689999998,24.81999969,36865.24,22898,8.390000343,329,2361,48400,45800,1
Florida State University,Public,Southeast,Mid-size City,0.5681,32086,20774,27,1212,0.667,0.085,0.1704,0.0251,0.0038,0.0018,0.0228,0.0104,0.1052,20774,8596,9706,0.8017,0.3065,0.7688,0.9171,0.0681,18750,21000,12999.5,0.899999976,0.540000021,20.76000023,68162.48,51372.5,8.899999619,654,6951,44700,40000,1
Indiana University-Purdue University-Indianapolis,Public,Great Lakes,Large City,0.6958,21569,20846,22,1013,0.7233,0.105,0.0532,0.0355,0.0015,0.0007,0.0329,0.0344,0.2296,20846,15311,7713,0.5751,0.3659,0.4161,0.7195,0.2933,16500,25388,12287,0.930000007,0.540000021,23.69000053,56695.09,43017,6.199999809,762,6317,43200,37400,1
University of Memphis,Public,Southeast,Large City,0.6841,16178,20899,22,1031,0.4988,0.3936,0.0343,0.0265,0.0025,0.0011,0.0302,0.0083,0.2409,20899,8742,8304,0.6415,0.471,0.432,0.7583,0.2741,18938,26393.5,13774.5,0.879999995,0.709999979,23.29999924,45004.14,29727,11.98999977,455,3442,38900,33700,1
California State University-Northridge,Public,Far West,Large City,0.4624,33581,20899,19,918,0.2575,0.0623,0.4029,0.1123,0.0017,0.0026,0.0335,0.0734,0.1618,20899,6952,8395,0.4602,0.4848,0.4575,0.782,0.1936,12500,15000,9000,0.680000007,0.769999981,22.63999939,39205.28,27373,12.93999958,968,7257,41900,38300,1
Texas Tech University,Public,Southwest,Mid-size City,0.663,26809,20900,25,1116,0.6329,0.0587,0.2063,0.0268,0.0034,0.001,0.0283,0.0367,0.0935,20900,6813,8757,0.8605,0.289,0.5904,0.8233,0.1001,17750,23246.5,10763,0.949999988,0.479999989,20.59000015,82825.99,69477,8.600000381,530,6207,49800,43900,1
University of Nebraska-Lincoln,Public,Great Plains,Large City,0.6404,19376,21024,25,1147,0.8002,0.024,0.0467,0.0224,0.0027,0.0006,0.0238,0.0599,0.0658,21024,10583,10085,0.9234,0.1979,0.6678,0.8364,0.0597,15799,22500,9002,0.949999988,0.449999988,20.28000069,81338.55,72140.5,5.940000057,320,4609,43000,39200,1
San Jose State University,Public,Far West,Large City,0.6347,25723,21160,22,1030,0.2254,0.0351,0.2383,0.3561,0.0014,0.0079,0.0522,0.0453,0.1925,21160,8070,9155,0.4021,0.3955,0.4809,0.8782,0.1993,14000,16251,11000,0.689999998,0.74000001,22.54999924,43366.3,27853.5,6.980000019,575,4353,52000,48100,1
University of Georgia,Public,Southeast,Mid-size City,0.5608,26120,21162,28,1247,0.7297,0.074,0.052,0.0895,0.0009,0.0011,0.0299,0.0122,0.0561,21162,8478,9015,0.8804,0.236,0.8314,0.9417,0.0374,16831,18700,14500,0.899999976,0.430000007,21.19000053,84425.2,69003,7.269999981,430,4620,48800,42500,1
University of Wisconsin-Milwaukee,Public,Great Lakes,Large City,0.8608,21747,21203,22,1030,0.717,0.0822,0.0759,0.0596,0.0043,0.0008,0.0314,0.0271,0.1399,21203,8301,8037,0.9599,0.3567,0.4141,0.7007,0.2233,17459,25107.5,11000,0.959999979,0.449999988,21.37999916,73393.86,66757,6.309999943,549,6040,40900,38100,1
University of Toledo,Public,Great Lakes,Large City,0.9073,15440,21263,22,1031,0.6947,0.139,0.0447,0.0233,0.0021,0.0008,0.025,0.0443,0.1615,21263,12173,8426,0.7192,0.3792,0.4543,0.6805,0.1591,14500,24994,9500,0.949999988,0.540000021,21.43000031,65254.02,57163,7.769999981,498,4974,43600,37600,1
University of Akron Main Campus,Public,Great Lakes,Mid-size City,0.9649,19022,21338,22,1016,0.743,0.1394,0.0214,0.0213,0.0022,0.0012,0.0285,0.0141,0.1875,21338,8567,9209,0.4845,0.4149,0.4166,0.6636,0.2088,15000,26812,10261.5,0.930000007,0.620000005,22.92000008,53437.74,42489,8.119999886,748,5110,35200,31800,1
University of Illinois at Springfield,Public,Great Lakes,Mid-size City,0.5977,2959,21385,24,1085,0.6773,0.1338,0.0595,0.0368,0.0014,0.001,0.0247,0.0291,0.3437,21385,10685,7464,0.6066,0.3677,0.4308,0.7435,0.4123,15000,19498,11129,0.889999986,0.550000012,25.20999908,54554.28,42542.5,7.53000021,68,793,42700,40000,1
University of Nevada-Reno,Public,Far West,Mid-size City,0.8396,15310,21398,24,1081,0.646,0.0354,0.1631,0.0656,0.0079,0.0057,0.0598,0.0123,0.1562,21398,14946,9233,0.9281,0.2884,0.5139,0.7989,0.1501,12000,18743.5,8120,0.860000014,0.529999971,23.05999947,61238.62,45534,6.380000114,238,1968,47000,41800,1
The University of Texas at Arlington,Public,Southwest,Large City,0.5998,25415,21420,23,1077,0.3964,0.147,0.2556,0.1177,0.0029,0.0022,0.0323,0.0391,0.3741,21420,6782,8272,0.6343,0.4039,0.4041,0.7083,0.3526,12834,19608,9738,0.889999986,0.620000005,23.21999931,51136.11,36358,8.239999771,631,5991,46100,42900,1
Colorado State University-Fort Collins,Public,Rocky Mountains,Mid-size City,0.7743,22482,21823,25,1127,0.7495,0.021,0.096,0.019,0.0033,0.0009,0.0346,0.0251,0.1024,21823,10417,8869,0.6959,0.2571,0.6383,0.8591,0.107,16707.5,21250,9750,0.930000007,0.439999998,20.79000092,81929.11,69107,5.110000134,537,5053,44200,39500,1
University of Louisville,Public,Southeast,Large City,0.7112,15023,21922,25,1142,0.7686,0.1146,0.0363,0.0308,0.0014,0.0005,0.0355,0.0105,0.1812,21922,15806,9373,0.6602,0.2999,0.5343,0.7788,0.2065,13300,21500,9250,0.879999995,0.560000002,22.12000084,58745.22,45597.5,8.75,323,2710,40200,35800,1
Arizona State University-Tempe,Public,Southwest,Mid-size City,0.8023,38480,21960,25,1145,0.5755,0.0398,0.1853,0.0677,0.0136,0.0025,0.0376,0.0715,0.0943,21960,9080,10405,0.8787,0.3376,0.5947,0.844,0.1414,16250,20375,11000,0.879999995,0.589999974,22.55999947,63334.02,43477,7.710000038,1444,11691,46000,41200,1
Georgia Institute of Technology,Public,Southeast,Large City,0.171,13975,21980,30,1352,0.553,0.0628,0.065,0.175,0.0013,0.0009,0.0323,0.1048,0.056,21980,13939,11230,0.9568,0.1932,0.8219,0.9552,0.0437,20750,22750,14000,0.920000017,0.419999987,20.03000069,94533.48,82697,6.269999981,154,2243,69300,65700,1
Cleveland State University,Public,Great Lakes,Large City,0.6287,11484,22041,22,1030,0.6276,0.1919,0.0489,0.0245,0.0021,0.0011,0.0269,0.0477,0.2261,22041,8213,8624,1,0.4344,0.3198,0.6721,0.3078,16500,24000,11888,0.930000007,0.610000014,24.70999908,43936.8,31001,9.920000076,446,3143,39900,36900,1
Rutgers University-Newark,Public,Mid-Atlantic,Large City,0.5401,6748,22046,0,1059,0.257,0.1867,0.2447,0.2208,0.0012,0.0049,0.0292,0.0313,0.1369,22046,15947,12617,0.5983,0.4637,0.6752,0.7422,0.2213,19500,22250,13000,0.930000007,0.5,20.97999954,76131.15,59041,6.019999981,1048,10583,55700,50300,1
University of Houston,Public,Southwest,Large City,0.5841,30357,22215,25,1136,0.2843,0.1155,0.2998,0.2122,0.0015,0.0026,0.0311,0.0464,0.2596,22215,7456,10569,0.8759,0.3879,0.4754,0.8463,0.1935,14878,20426,10000,0.850000024,0.649999976,22.10000038,48647.14,33211,9.920000076,801,6876,51000,45200,1
San Francisco State University,Public,Far West,Large City,0.6379,25271,22267,22,998,0.2409,0.0499,0.2436,0.2917,0.0022,0.006,0.0572,0.0668,0.1359,22267,7919,9147,0.4877,0.4239,0.455,0.8211,0.2085,15000,17775,12000,0.790000021,0.670000017,22.86000061,46467.57,29962,7.829999924,896,6041,45800,42100,1
Northeastern Illinois University,Public,Great Lakes,Large City,0.5981,8827,22273,19,890,0.3694,0.1022,0.3506,0.0947,0.0022,0.0031,0.0176,0.0358,0.431,22273,11837,6988,0.6473,0.4823,0.2034,0.61,0.448,11643.5,15000,8940,0.540000021,0.779999971,24.63999939,35049.57,25711.5,11.56000042,331,2059,35400,33100,1
The University of Texas at Dallas,Public,Southwest,Mid-size City,0.5857,13042,22381,28,1262,0.4035,0.0636,0.1677,0.265,0.0021,0.002,0.0389,0.0432,0.185,22381,9848,12416,0.7285,0.354,0.6291,0.8811,0.2376,15080.5,19500,10250,0.899999976,0.550000012,23.36000061,54836.23,39445.5,6.309999943,275,2379,51200,46800,1
University of Missouri-Columbia,Public,Great Plains,Mid-size City,0.7861,26585,22387,26,1165,0.7989,0.0822,0.0332,0.0224,0.0025,0.0005,0.0253,0.0273,0.0533,22387,10752,8788,0.7053,0.216,0.7012,0.8353,0.0385,17500,22500,10500,0.970000029,0.349999994,20.28000069,89631.5,80508.5,6.239999771,405,5572,46700,41200,1
University of Oregon,Public,Far West,Mid-size City,0.7417,20473,22390,25,1108,0.6425,0.0199,0.0813,0.0513,0.0052,0.0048,0.0584,0.1242,0.0782,22390,11641,8828,0.7024,0.2585,0.6653,0.8672,0.0847,18309,21535,10333,0.949999988,0.50999999,21.72999954,71151.8,54318,7.28000021,517,4089,42200,38000,1
University of Kentucky,Public,Southeast,Large City,0.6861,21050,22420,25,1140,0.778,0.0779,0.0326,0.0247,0.0017,0.0007,0.0285,0.0262,0.0593,22420,10793,9614,0.8206,0.2481,0.6184,0.8253,0.0824,14000,20500,9250,0.920000017,0.439999998,21.12999916,71446.07,57564,9.06000042,413,4583,45300,39300,1
SUNY College of Environmental Science and Forestry,Public,Mid-Atlantic,Mid-size City,0.5052,1694,22550,25,1155,0.8725,0.013,0.0242,0.0272,0.0018,0.0006,0.0236,0.0171,0.0295,22550,15891,8282,0.7439,0.2676,0.716,0.8567,0.0905,17124,20000,11500,0.959999979,0.50999999,21.02000046,76789.5,67355,7.380000114,57,499,41800,38200,1
Georgia State University,Public,Southeast,Large City,0.5466,24128,23124,23,1060,0.3138,0.397,0.0895,0.1135,0.0017,0.0011,0.0434,0.0163,0.2429,23124,7273,7149,0.9722,0.5089,0.5315,0.8232,0.2258,17070,23000,12500,0.870000005,0.660000026,22.56999969,53412.71,38306,7.78000021,645,4915,40500,37500,1
University of Missouri-Kansas City,Public,Great Plains,Large City,0.33,8309,23437,24,1105,0.5772,0.1634,0.0699,0.065,0.0034,0.0019,0.0311,0.0375,0.1938,23437,15048,8305,0.6246,0.3208,0.5131,0.733,0.2499,15750,21187,11000,0.949999988,0.519999981,23.30999947,57316.66,40642,7.360000134,286,2524,47400,41300,1
University of South Carolina-Columbia,Public,Southeast,Mid-size City,0.606,23987,23685,27,1200,0.7709,0.1016,0.0406,0.0228,0.0025,0.0011,0.0321,0.0113,0.0658,23685,10384,9514,0.7128,0.2394,0.7268,0.8738,0.067,19125,22500,13500,0.949999988,0.439999998,20.89999962,76756.24,63282.5,8.430000305,439,4951,45600,38700,1
University of Wisconsin-Madison,Public,Great Lakes,Mid-size City,0.6792,29504,23718,28,1268,0.7713,0.0215,0.0459,0.0551,0.0022,0.0012,0.0264,0.0725,0.0448,23718,14278,10758,0.972,0.1501,0.8284,0.9517,0.0554,21000,23000,13000,0.939999998,0.349999994,20.25,95485.12,87726,4.840000153,364,5177,57000,48200,1
University of Arizona,Public,Southwest,Large City,0.7692,31399,23905,24,1106,0.5464,0.0333,0.2444,0.0561,0.0106,0.0021,0.0417,0.055,0.099,23905,11382,10320,0.7478,0.3265,0.6139,0.8148,0.091,13500,19000,9279,0.860000014,0.600000024,21.52000046,68621.67,46758,9.289999962,703,5942,46400,40000,1
University of Minnesota-Twin Cities,Public,Great Plains,Large City,0.4442,30271,24278,28,1270,0.7147,0.0381,0.0302,0.0858,0.0028,0.0007,0.033,0.0873,0.0794,24278,13003,10892,0.8394,0.2169,0.754,0.9022,0.1111,18822,21500,12750,0.949999988,0.400000006,20.87000084,80969.01,72908.5,5.320000172,600,7705,49500,43300,1
Ohio State University-Main Campus,Public,Great Lakes,Large City,0.5553,43139,24524,29,1289,0.7233,0.0598,0.0338,0.0539,0.0016,0.0006,0.0263,0.0743,0.0756,24524,16161,11284,0.6513,0.2224,0.8323,0.9245,0.0844,17000,22250,9500,0.930000007,0.5,21.04000092,75442.68,65600.5,6.510000229,1032,11887,43800,38900,1
University of Washington-Seattle Campus,Public,Far West,Large City,0.5523,28754,24606,28,1234,0.4399,0.0267,0.0692,0.2422,0.0066,0.0048,0.0518,0.1407,0.0605,24606,23645,10461,0.7258,0.2489,0.8183,0.9303,0.0996,14793.5,16326,11400,0.870000005,0.540000021,22.63999939,55950.49,38703,6.570000172,678,6080,56400,48300,1
The University of Tennessee-Knoxville,Public,Southeast,Mid-size City,0.7249,20948,24746,27,1199,0.8059,0.0735,0.0277,0.0285,0.0025,0,0.028,0.0151,0.0603,24746,20792,9976,0.832,0.2991,0.6754,0.8563,0.0883,15250,20338.5,9613.5,0.899999976,0.5,21.12000084,72817.34,55229,8.279999733,435,4613,48300,39000,1
College of Charleston,Public,Southeast,Mid-size City,0.7031,10150,25086,26,1165,0.8241,0.0628,0.0416,0.0162,0.0014,0.0016,0.0329,0.0078,0.0521,25086,8234,7747,0.6435,0.2257,0.6448,0.8262,0.0853,17000,22341,9500,0.949999988,0.409999996,20.57999992,90152.6,71255,7.679999828,212,1964,39700,35800,1
The University of Texas at Austin,Public,Southwest,Large City,0.4019,39323,25176,28,1262,0.4754,0.0429,0.2182,0.1792,0.0022,0.0011,0.0314,0.0465,0.0693,25176,16906,10900,0.9068,0.2683,0.7944,0.9363,0.0508,20500,22165,14000,0.939999998,0.50999999,20.18000031,79614.32,62086,9.010000229,643,7763,58900,48600,1
University of Illinois at Chicago,Public,Great Lakes,Large City,0.714,16601,25248,24,1092,0.3791,0.0781,0.2474,0.2251,0.0014,0.0042,0.0245,0.0197,0.0749,25248,25773,9797,0.6538,0.4906,0.5669,0.7978,0.1105,14750,18532.5,8750,0.810000002,0.589999974,21.06999969,55560.29,41721,8.109999657,574,5090,54400,47000,1
Virginia Commonwealth University,Public,Southeast,Mid-size City,0.6913,22049,25291,24,1102,0.5162,0.1842,0.0754,0.1213,0.0026,0.0029,0.0463,0.0293,0.1181,25291,12826,8242,0.6627,0.2865,0.5681,0.8659,0.1501,19125,24750,11750,0.959999979,0.519999981,21.42000008,69541.5,55696,6.539999962,381,4656,42700,38600,1
University of Michigan-Ann Arbor,Public,Great Lakes,Mid-size City,0.3326,28077,25760,30,1352,0.6272,0.0436,0.0412,0.1222,0.0016,0.0004,0.031,0.0667,0.0302,25760,22051,10509,0.8026,0.157,0.8997,0.9688,0.0198,21000,22000,15000,0.959999979,0.300000012,20.87999916,87306.5,69630,5.889999866,388,4565,65900,53400,1
University of Cincinnati-Main Campus,Public,Great Lakes,Large City,0.7325,23360,25799,25,1141,0.7647,0.0764,0.026,0.0296,0.0022,0.001,0.0226,0.0412,0.1319,25799,10476,9079,0.4632,0.2658,0.579,0.8462,0.1563,15000,23947.5,9500,0.939999998,0.519999981,23,64379.94,50863,7.110000134,909,7427,40300,36200,1
Temple University,Public,Mid-Atlantic,Large City,0.6387,27511,27247,25,1121,0.6028,0.1352,0.0542,0.1011,0.0019,0.0009,0.0232,0.0348,0.1058,27247,12500,9648,0.5007,0.3352,0.6632,0.8883,0.1241,21700,25799,13751,0.959999979,0.5,21.32999992,70311.21,56155,8.350000381,861,7930,49500,43600,1
University of California-Irvine,Public,Far West,Mid-size City,0.4239,23517,28980,24,1122,0.1739,0.0187,0.2171,0.4371,0.0016,0.0042,0.0396,0.0894,0.0171,28980,17853,12839,0.7884,0.432,0.8585,0.9175,0.0442,15500,17414,10788.5,0.850000024,0.579999983,20.19000053,67260.78,50385,8.710000038,471,3936,52000,47100,1
University of California-San Diego,Public,Far West,Large City,0.375,23792,29751,28,1276,0.2357,0.0119,0.1581,0.4011,0.0013,0.0041,0.0476,0.1181,0.0271,29751,22757,13126,0.8344,0.4274,0.858,0.942,0.0605,18463,19266,15116,0.889999986,0.660000026,20.20000076,58621.21,41248,8.680000305,517,4204,56800,50100,1
University of California-Riverside,Public,Far West,Large City,0.62,18612,29787,23,1078,0.1442,0.0487,0.3589,0.3615,0.0016,0.0039,0.0354,0.0315,0.0223,29787,10473,11324,0.824,0.564,0.6617,0.8898,0.0473,17000,19500,10379,0.860000014,0.699999988,20.07999992,57708.66,43078.5,11.28999996,479,3984,43800,41100,1
University of Pittsburgh-Pittsburgh Campus,Public,Mid-Atlantic,Large City,0.5613,18304,30410,28,1258,0.7683,0.0546,0.0259,0.0752,0.0004,0.0005,0.0287,0.0333,0.0475,30410,16506,9533,0.7478,0.1706,0.8044,0.9087,0.0665,22000,26896.5,10596,0.980000019,0.379999995,20.93000031,79347.41,71893,6.889999866,410,5951,51000,45600,1
University of California-Los Angeles,Public,Far West,Large City,0.2199,28667,31474,28,1289,0.2859,0.0261,0.1842,0.3099,0.0012,0.0036,0.0482,0.1176,0.0206,31474,38489,15089,0.7082,0.3624,0.9031,0.9626,0.0532,15200,15900,13244.5,0.860000014,0.660000026,20.92000008,54271.79,34557.5,10.07999992,693,5287,60000,51000,1
University of California-Berkeley,Public,Far West,Mid-size City,0.18,25951,32715,30,1350,0.2857,0.0221,0.132,0.3494,0.0012,0.0028,0.0453,0.1313,0.0282,32715,18072,14652,0.7304,0.3237,0.9103,0.9637,0.0621,14480,14667,14147,0.839999974,0.670000017,20.78000069,60121.12,39266,8.56000042,692,4340,62500,53000,1
The University of Tampa,Private,Southeast,Large City,0.5221,6476,37714,24,1075,0.5923,0.0576,0.12,0.0134,0.0019,0.0012,0.0236,0.1039,0.0451,37714,6103,8424,1,0.2473,0.6159,0.751,0.0725,17550.5,25975,8580,0.959999979,0.419999987,21.01000023,81805.23,66421,6.199999809,159,1426,44000,40200,1
Calvin College,Private,Great Lakes,Mid-size City,0.6975,3895,39013,26,1183,0.7504,0.0254,0.0347,0.0426,0.0033,0,0.0257,0.0986,0.0226,39013,13845,7208,0.9881,0.2326,0.7273,0.8741,0.0192,22500,26870,12500,0.980000019,0.370000005,19.65999985,97807.66,93258,5.46999979,114,1062,41100,38100,1
Southern New Hampshire University,Private,New England,Mid-size City,0.7866,17172,39677,0,965,0.2893,0.0518,0.0179,0.0078,0.0046,0.0005,0.0019,0.0249,0.4606,39677,2810,6991,1,0.4058,0.542,0.6918,0.6234,7688,22500,6498,0.970000029,0.409999996,24.46999931,70725.24,56925,5.070000172,169,1530,41100,38200,1
Howard University,Private,Mid-Atlantic,Large City,0.493,6855,40129,24,1081,0.0134,0.9183,0.0036,0.013,0.0197,0.0039,0,0.028,0.0613,40129,22191,8566,0.7495,0.4494,0.6065,0.8154,0.086,24250,27000,15750,0.949999988,0.579999983,20.96999931,63421.37,47531,10.55000019,166,1712,46400,42400,1
Belmont University,Private,Southeast,Large City,0.7987,5465,41450,27,1193,0.8201,0.0401,0.0428,0.0161,0.0024,0.0004,0.0326,0.0082,0.0655,41450,8976,8450,0.478,0.1756,0.6796,0.8333,0.0848,19173,23250,8750.5,0.959999979,0.340000004,21.15999985,98697.97,83588,6.179999828,84,1048,42100,37600,1
Duquesne University,Private,Mid-Atlantic,Large City,0.7409,5944,42280,25,1122,0.8383,0.0421,0.0269,0.0185,0.0013,0.001,0.0217,0.0387,0.035,42280,10729,8863,0.4849,0.2023,0.7688,0.8761,0.0536,25500,27000,12000,0.980000019,0.330000013,20.95999908,90458.69,81511,6.449999809,124,2209,59700,51600,1
Drake University,Private,Great Plains,Mid-size City,0.6595,3310,42477,28,1240,0.7937,0.0323,0.0326,0.0447,0.0018,0.0006,0.013,0.0695,0.0402,42477,9273,9108,0.6646,0.1715,0.727,0.875,0.0476,21500,25000,12000,0.980000019,0.310000002,20.27000046,97812.93,88132.5,4.710000038,54,1071,60300,48000,1
Xavier University,Private,Great Lakes,Large City,0.6997,4452,45080,25,1132,0.7302,0.1,0.0449,0.0229,0.0027,0.0011,0.0252,0.0173,0.0685,45080,10197,8089,0.5342,0.1827,0.7646,0.8344,0.0816,24000,27000,10500,0.980000019,0.340000004,21.62000084,100738.63,88138,6.46999979,57,926,48400,43700,1
Creighton University,Private,Great Plains,Large City,0.7665,3943,46248,27,1214,0.7375,0.0249,0.0697,0.0933,0.0048,0.0036,0.0401,0.018,0.0388,46248,13789,9081,0.6756,0.191,0.7592,0.9088,0.0775,21500,23750,13950,0.970000029,0.310000002,20.80999947,101259.23,80669.5,5.650000095,54,1170,59300,51200,1
University of Dayton,Private,Great Lakes,Mid-size City,0.5297,7812,46250,27,1181,0.8178,0.0288,0.0287,0.0125,0.001,0.0003,0.0105,0.0893,0.0475,46250,10823,8494,0.619,0.1188,0.7674,0.8858,0.0322,23250,26863,11384,0.99000001,0.25999999,19.75,122480.57,108917.5,4.710000038,100,1914,49600,45900,1
Trinity University,Private,Southwest,Large City,0.6393,2127,46274,29,1270,0.559,0.0362,0.1707,0.0644,0.0024,0.0005,0.0381,0.0686,0.0108,46274,14743,9715,0.7911,0.1549,0.8162,0.9563,0.0116,18500,21630,9500,0.980000019,0.280000001,19.56999969,112397.83,101012.5,6.75,37,457,54600,49600,1
DePaul University,Private,Great Lakes,Large City,0.5987,16120,46375,26,1163,0.5561,0.0837,0.1717,0.073,0.001,0.0021,0.0371,0.0265,0.1591,46375,11612,10392,0.5034,0.3448,0.7047,0.8536,0.2019,20500,24165.5,13475,0.949999988,0.529999971,22.28000069,74671.61,54683,7.139999866,487,3964,49400,44800,1
Gonzaga University,Private,Far West,Mid-size City,0.6651,4830,46475,27,1204,0.7375,0.0101,0.0861,0.0387,0.0056,0.0046,0.0578,0.0271,0.0104,46475,9687,8626,0.5886,0.1879,0.8228,0.9425,0.0298,26035,27000,16049.5,0.970000029,0.370000005,20.57999992,102446.28,87057,6.840000153,82,1107,52500,47900,1
University of Tulsa,Private,Southwest,Large City,0.4059,3394,46560,29,1279,0.5524,0.0451,0.0418,0.0327,0.0392,0.0012,0.0171,0.2563,0.0359,46560,16047,9672,0.7755,0.1557,0.6882,0.9034,0.0595,20500,25000,11000,0.939999998,0.460000008,21.12000084,79960.34,64324,7.329999924,65,688,50700,41400,1
Marquette University,Private,Great Lakes,Large City,0.5745,8190,46649,27,1217,0.7418,0.0454,0.0933,0.0463,0.0018,0.0011,0.033,0.0348,0.0237,46649,9995,9665,0.5544,0.1689,0.7824,0.9071,0.0268,24760,27000,11000,0.980000019,0.280000001,20.17000008,105199.44,93069,5.170000076,111,2278,57800,52300,1
Loyola University New Orleans,Private,Southeast,Large City,0.8707,2910,46676,25,1143,0.5127,0.1598,0.1581,0.0354,0.0058,0.0003,0.0357,0.032,0.0649,46676,11302,8612,0.7682,0.2972,0.5486,0.8039,0.0679,18500,26070,11250,0.970000029,0.379999995,20.77000046,88998.94,72625,9.220000267,111,896,43500,40500,1
Butler University,Private,Great Lakes,Large City,0.661,3998,47010,28,1212,0.8269,0.0353,0.032,0.0283,0.002,0,0.014,0.0225,0.0125,47010,12922,7980,1,0.1739,0.7386,0.911,0.0185,25000,26600,10975,0.980000019,0.25,20.09000015,109689.19,99069,4.820000172,46,1112,62400,50700,1
Clark University,Private,New England,Mid-size City,0.6154,2312,47248,0,0,0.6207,0.0389,0.064,0.0554,0.0004,0.0004,0.0229,0.1211,0.0216,47248,10780,9630,0.5838,0.2071,0.8094,0.8859,0.0303,23000,26000,10250,0.939999998,0.409999996,20.62000084,88024.49,75720.5,6.489999771,46,568,41500,38800,1
Loyola University Chicago,Private,Great Lakes,Large City,0.914,9931,47727,27,1195,0.6138,0.0354,0.1266,0.1131,0.001,0.0015,0.0575,0.03,0.0755,47727,11462,9432,0.5019,0.299,0.7101,0.8541,0.0804,22934,25751,11000,0.970000029,0.430000007,20.51000023,85748.31,67583.5,6.300000191,281,2324,50600,45500,1
University of Detroit Mercy,Private,Great Lakes,Large City,0.6147,2871,48027,25,1142,0.5291,0.1007,0.0286,0.032,0.0024,0.0017,0.024,0.0582,0.2351,48027,14080,8667,1,0.2873,0.5682,0.8246,0.2389,19300,25000,12673,0.959999979,0.529999971,24.95999908,58134.97,44772,10.15999985,108,843,48200,43000,1
Texas Christian University,Private,Southwest,Large City,0.4739,8597,48189,27,1206,0.738,0.0512,0.1059,0.0224,0.0098,0.0026,0.0077,0.0455,0.0335,48189,14422,10206,0.9804,0.1447,0.76,0.9021,0.0521,19500,22500,9500,0.970000029,0.360000014,20.54999924,103263.14,81852.5,6.46999979,136,1651,50700,45800,1
Illinois Institute of Technology,Private,Great Lakes,Large City,0.5697,2855,48940,28,1252,0.373,0.0683,0.1471,0.1082,0.0042,0.0042,0.0046,0.2452,0.0511,48940,12231,11256,0.5634,0.3167,0.625,0.8596,0.1459,22015,26981.5,12000,0.959999979,0.409999996,21.44000053,69130.16,55985.5,6.590000153,64,624,70000,61700,1
Savannah College of Art and Design,Private,Southeast,Mid-size City,0.6547,8750,49179,24,1078,0.5605,0.1086,0.0805,0.044,0.0056,0.0023,0.0023,0.1168,0.1621,49179,10302,8024,0.7974,0.2601,0.683,0.8071,0.1007,21521.5,27000,9500,0.980000019,0.419999987,20.45999908,95838.42,78907,7.019999981,224,1637,35800,29700,1
St John's University-New York,Private,Mid-Atlantic,Large City,0.5316,11147,50233,24,1093,0.3391,0.1931,0.1639,0.1887,0.002,0.0029,0.0432,0.0499,0.0292,50233,10743,11777,0.4538,0.3083,0.557,0.7962,0.038,20000,25920,11500,0.920000017,0.589999974,19.69000053,65214.94,49731,10.30000019,429,3984,54700,48000,1
Seattle University,Private,Far West,Large City,0.7323,4595,50610,27,1175,0.4699,0.0322,0.0908,0.1602,0.0059,0.0067,0.0694,0.1032,0.0477,50610,15139,9051,0.7077,0.2109,0.7663,0.8602,0.0677,24000,25334,11000,0.970000029,0.439999998,21.61000061,78227.76,59408,6.420000076,137,1364,52900,49500,1
University of Portland,Private,Far West,Large City,0.668,3468,51036,0,1195,0.6401,0.0087,0.0998,0.1024,0.0032,0.0141,0.079,0.0288,0.0167,51036,10427,7678,0.5985,0.2189,0.755,0.9002,0.0321,22454,25000,10000,0.970000029,0.319999993,20.42000008,98696.67,86897,6.579999924,55,821,52400,48800,1
Baylor University,Private,Southwest,Mid-size City,0.5747,13221,51086,27,1215,0.6408,0.0741,0.1386,0.0646,0.0033,0.0003,0.0473,0.0289,0.0142,51086,14046,8793,0.8148,0.22,0.7472,0.8825,0.0245,21000,25281,9500,0.949999988,0.439999998,19.79999924,93014.48,72163,7.460000038,200,2541,47700,43700,1
Emerson College,Private,New England,Large City,0.4798,3720,51158,28,1240,0.6465,0.0296,0.1022,0.0387,0.0005,0.0008,0.0457,0.0465,0.0142,51158,9283,9204,0.4357,0.1702,0.8147,0.8811,0.0194,21500,23312,8750,0.99000001,0.25999999,19.67000008,108523.09,94808,5.420000076,95,1038,42600,38900,1
Rice University,Private,Southwest,Large City,0.1674,3920,52242,33,1454,0.3944,0.0643,0.1505,0.2138,0.0015,0,0.0469,0.1145,0.0135,52242,39651,13468,0.7813,0.1723,0.9111,0.9817,0.0048,7727,8413,6125,0.910000026,0.289999992,20.45999908,91944.43,71258,7.420000076,34,491,73200,56500,1
University of the Pacific,Private,Far West,Large City,0.7265,3869,52406,26,1172,0.3223,0.0269,0.1858,0.3153,0.0067,0.0047,0.0432,0.0538,0.0238,52406,17606,10089,0.5588,0.4011,0.5669,0.8656,0.0598,21250,23500,18750,0.959999979,0.389999986,22.03000069,62103.51,40951,9.18999958,111,1339,75600,64000,1
Saint Louis University,Private,Great Plains,Large City,0.6443,7961,52413,28,1237,0.6568,0.0688,0.0329,0.0823,0.0013,0,0.0509,0.0764,0.1025,52413,16641,10028,0.5867,0.1415,0.6974,0.8683,0.0955,20500,25000,11000,0.980000019,0.330000013,20.87000084,103272.02,87461,6.179999828,119,1894,52700,48100,1
Maryland Institute College of Art,Private,Mid-Atlantic,Large City,0.5803,1892,52649,0,1175,0.5423,0.0523,0.0592,0.1173,0.0032,0.0016,0.0502,0.0782,0.0703,52649,13502,8764,0.3421,0.2429,0.7273,0.8257,0.0839,23000,27000,11125,0.99000001,0.349999994,19.98999977,99535.03,89961,5.449999809,63,439,33500,30900,1
Lewis & Clark College,Private,Far West,Large City,0.6285,1985,53455,29,1279,0.6479,0.0217,0.0841,0.0605,0.0141,0.003,0.0076,0.0494,0.0101,53455,14496,9221,0.5422,0.2135,0.7451,0.8623,0.0108,19115,22389.5,10500,0.980000019,0.270000011,20.96999931,83576.98,67573,6.480000019,50,482,42500,37600,1
University of Denver,Private,Rocky Mountains,Large City,0.7673,5505,53614,28,1231,0.6836,0.0272,0.089,0.0416,0.0051,0.0009,0.0312,0.0885,0.0701,53614,14113,8914,0.5039,0.1856,0.7752,0.8678,0.0741,20832,24500,11753,0.939999998,0.349999994,22.87000084,86015.75,55997.5,5.28000021,158,1392,53700,47600,1
Muhlenberg College,Private,Mid-Atlantic,Mid-size City,0.4616,2357,53637,28,1246,0.7709,0.0267,0.0526,0.0293,0.0017,0.0004,0.0157,0.0064,0.0297,53637,14525,8429,0.5952,0.0784,0.8584,0.9071,0.0899,24187,26941,10200,0.980000019,0.189999998,20.62999916,125281.36,110473,4.25,25,467,51700,49100,1
Yeshiva University,Private,Mid-Atlantic,Large City,0.8216,2887,53825,26,1217,0.9193,0.0007,0.0042,0.0007,0,0,0.0035,0.0578,0.0364,53825,33021,5086,0.6916,0.181,0.8519,0.929,0.0024,15358.5,19361,10500,0.889999986,0.419999987,19.62000084,109592.47,87607,8.220000267,112,420,59500,49000,1
Drexel University,Private,Mid-Atlantic,Large City,0.815,16257,53831,27,1197,0.5657,0.064,0.0564,0.1257,0.0015,0.0063,0.0263,0.1273,0.1446,53831,13309,10246,0.5358,0.2021,0.6951,0.8644,0.1823,17027.5,26098,10873,0.980000019,0.300000012,22.21999931,84469.63,69348,6.46999979,316,3828,64000,58400,1
Catholic University of America,Private,Mid-Atlantic,Large City,0.6007,3641,54023,25,1118,0.6311,0.0549,0.1052,0.0313,0.0016,0.0011,0.0313,0.0481,0.0536,54023,15799,9565,0.4848,0.1232,0.6852,0.8261,0.094,22000,26000,9500,0.980000019,0.239999995,21.21999931,120106.07,106352,5.400000095,71,808,51100,48900,1
Colorado College,Private,Rocky Mountains,Large City,0.2228,2025,54200,30,1323,0.6963,0.0212,0.0884,0.0435,0.0044,0,0.0785,0.0612,0,54200,20972,10886,0.8605,0.0983,0.8721,0.9608,0.0034,17255,18049.5,12000,0.899999976,0.370000005,20.12999916,100140.33,73379,6.360000134,35,284,39400,34400,1
Pratt Institute-Main,Private,Mid-Atlantic,Large City,0.5572,3247,54582,26,1140,0.4521,0.0447,0.0986,0.1571,0.0034,0.0034,0.0006,0.2239,0.0314,54582,13360,9254,0.1423,0.2622,0.6277,0.8673,0.0628,23241,27000,12000,0.980000019,0.49000001,20.88999939,75159.24,59029,8.239999771,168,1016,40600,37300,1
American University,Private,Mid-Atlantic,Large City,0.4312,6829,55159,28,1258,0.5671,0.064,0.1012,0.0638,0.0018,0.0004,0.0499,0.0688,0.0346,55159,12700,11074,0.5764,0.1565,0.7989,0.8821,0.0252,19500,23500,9250,0.980000019,0.310000002,20.04999924,105560.77,86431,5.340000153,153,1443,55900,51600,1
Macalester College,Private,Great Plains,Large City,0.3416,2029,55393,31,1350,0.6654,0.0266,0.0616,0.0705,0.001,0,0.0517,0.1232,0.0094,55393,17781,9450,0.7895,0.172,0.8742,0.9513,0.001,21996.5,23501.5,13717.5,0.99000001,0.319999993,19.37999916,93155.63,85439.5,6.03000021,35,308,45600,38900,1
Loyola Marymount University,Private,Far West,Large City,0.5412,6087,55432,27,1202,0.4894,0.0563,0.221,0.1045,0.0025,0.0013,0.0726,0.0524,0.0276,55432,14921,10098,0.5352,0.1923,0.7583,0.9144,0.0232,20201.5,22299.5,13562.5,0.970000029,0.370000005,20.12000084,101494.67,76696,8.600000381,154,1450,58000,49600,1
Syracuse University,Private,Mid-Atlantic,Mid-size City,0.4949,14738,55600,26,1158,0.5567,0.0894,0.1076,0.0807,0.0071,0.0005,0.0257,0.0936,0.0368,55600,14915,10822,0.6598,0.2677,0.8108,0.919,0.0353,27000,27000,16750,0.970000029,0.379999995,20.01000023,98994.29,80005.5,7.550000191,201,3177,54800,50800,1
Case Western Reserve University,Private,Great Lakes,Large City,0.4188,4551,55783,31,1377,0.5364,0.047,0.051,0.1868,0.0013,0.0002,0.0363,0.0824,0.011,55783,31974,10272,0.8044,0.2004,0.8012,0.9424,0.0191,22500,25000,14250,0.99000001,0.25999999,21.94000053,72928.28,57740,6.449999809,102,1143,74300,61800,1
University of San Francisco,Private,Far West,Large City,0.6129,6308,55812,25,1161,0.311,0.0293,0.1872,0.194,0.0019,0.0049,0.0699,0.1815,0.0371,55812,15041,12409,0.4135,0.2625,0.6901,0.8646,0.0832,23000,25000,20300,0.959999979,0.439999998,22.20999908,90594.28,70581,6.559999943,157,1397,62000,53300,1
Worcester Polytechnic Institute,Private,New England,Mid-size City,0.5159,4012,55866,0,0,0.6451,0.0254,0.0723,0.0491,0.002,0,0.0302,0.1264,0.0297,55866,22494,8598,0.75,0.1508,0.8124,0.9589,0.014,27000,27000,22500,0.99000001,0.280000001,19.47999954,99994.76,93479,5.429999828,54,903,75300,75200,1
Northeastern University,Private,New England,Large City,0.3231,13204,55914,32,1394,0.4951,0.0344,0.0663,0.0996,0.0008,0.0002,0.0354,0.1761,0,55914,13078,11581,0.7425,0.1424,0.8256,0.9553,0.0152,25759.5,28804.5,24500,0.980000019,0.310000002,20.93000031,99407.61,83394,5.690000057,313,4676,60600,56400,1
University of Richmond,Private,Southeast,Mid-size City,0.3116,3107,55980,30,1313,0.5845,0.0766,0.0705,0.0557,0.0026,0.0003,0.0348,0.0882,0.057,55980,18204,10983,0.6464,0.2005,0.8502,0.9373,0.0703,18370,19500,10250,0.970000029,0.230000004,22.28000069,109334.2,90735.5,4.789999962,44,639,61800,51500,1
Providence College,Private,New England,Mid-size City,0.5979,3969,56184,26,1158,0.7667,0.0411,0.0675,0.0118,0.0013,0.0018,0.0154,0.0186,0.0448,56184,12232,9471,0.6226,0.1341,0.8504,0.9078,0.0689,27000,27000,14500,0.980000019,0.209999993,19.87999916,120179.81,110798,4.889999866,43,1019,57700,52900,1
Berklee College of Music,Private,New England,Large City,0.3617,4402,56335,0,0,0.3866,0.0534,0.0888,0.0338,0.0011,0.0018,0.0404,0.3105,0.1027,56335,20301,9480,0.3851,0.1889,0.4963,0.7986,0.1479,21046,27000,14000,0.980000019,0.370000005,20.79000092,94505.71,79421,6.550000191,182,1013,31400,26200,1
University of San Diego,Private,Far West,Large City,0.4885,5573,56346,28,1228,0.5539,0.0278,0.1888,0.0592,0.0047,0.0031,0.0574,0.0599,0.0257,56346,13166,11648,0.4518,0.1807,0.7502,0.9021,0.0478,19500,22500,10215.5,0.970000029,0.289999992,20.85000038,97719.44,69873.5,6.599999905,134,1290,61800,53400,1
Fordham University,Private,Mid-Atlantic,Large City,0.4713,8193,56604,28,1258,0.6133,0.0426,0.1407,0.0882,0.001,0.0009,0.0333,0.0555,0.0648,56604,13784,12679,1,0.2042,0.8051,0.9051,0.0787,21500,25000,9652,0.949999988,0.419999987,20.09000015,96092.62,74870,9.079999924,250,2385,54600,50300,1
College of the Holy Cross,Private,New England,Mid-size City,0.3297,2878,56706,0,0,0.6807,0.0407,0.107,0.0452,0.0017,0,0.0299,0.009,0.0003,56706,18859,9666,0.8677,0.1627,0.9136,0.9515,0.0014,27000,27000,10900,0.949999988,0.25999999,19.31999969,125254.65,108458,5.579999924,31,513,66500,55800,1
Loyola University Maryland,Private,Mid-Atlantic,Large City,0.58,3972,56736,27,1194,0.7941,0.0506,0.0921,0.0302,0.002,0.0005,0.0214,0.0038,0.0083,56736,11584,8346,0.6188,0.1414,0.8437,0.8731,0.0072,26000,27000,8490.5,0.99000001,0.219999999,19.36000061,134101.78,112164,4.119999886,43,803,64000,56400,1
Massachusetts Institute of Technology,Private,New England,Mid-size City,0.0815,4510,57010,34,1503,0.3707,0.053,0.1643,0.2404,0.0027,0,0.0508,0.096,0.0055,57010,58223,15617,0.9862,0.1825,0.9307,0.9788,0.0068,13000,13645,10515,0.920000017,0.319999993,21.01000023,95848.89,79076,7.349999905,86,810,125100,86900,1
Chapman University,Private,Far West,Mid-size City,0.4471,5940,57020,27,1208,0.5978,0.0162,0.1433,0.0981,0.003,0.0024,0.0586,0.038,0.0348,57020,13977,11095,1,0.2035,0.761,0.9073,0.0303,19000,20250,14000,0.970000029,0.340000004,27.71999931,71813.4,53889,8.31000042,363,3037,49800,48000,1
Santa Clara University,Private,Far West,Mid-size City,0.5122,5404,57213,29,1294,0.4785,0.0298,0.1745,0.144,0.0013,0.0024,0.0661,0.0298,0.0167,57213,10783,11662,0.6019,0.1389,0.8401,0.9498,0.0153,19500,20500,15291,0.949999988,0.330000013,19.95000076,120161.97,100259,5.46999979,84,953,69200,61500,1
Reed College,Private,Far West,Large City,0.4853,1351,57701,31,1371,0.6077,0.0163,0.1081,0.0511,0.0015,0,0.0807,0.0607,0.0052,57701,20261,10092,1,0.1718,0.819,0.9406,0.0143,15500,16098.5,8914,0.959999979,0.409999996,19.69000053,90869.88,69123.5,7.170000076,26,163,36000,28400,1
Harvard University,Private,New England,Mid-size City,0.0584,7278,57950,34,1501,0.4624,0.0653,0.0933,0.1777,0.0022,0.0008,0.0599,0.1028,0.0503,57950,47083,17861,0.8595,0.1016,0.9747,0.9706,0.2342,7500,6000,12500,0.899999976,0.230000004,23.64999962,60645.79,33323.5,7.769999981,186,1600,118700,77600,1
Brown University,Private,New England,Mid-size City,0.0918,6182,58140,32,1425,0.4327,0.0642,0.1084,0.1233,0.0039,0.001,0.0537,0.1166,0.0057,58140,30823,13381,0.8849,0.1444,0.9452,0.9714,0.0112,15164,16000,11966.5,0.970000029,0.340000004,19.78000069,103616.9,84559,7.269999981,94,803,70400,54400,1
Wake Forest University,Private,Southeast,Mid-size City,0.352,4812,58260,0,0,0.76,0.065,0.0599,0.0486,0.0017,0.0006,0.0266,0.0374,0.0125,58260,26136,10928,0.8259,0.1202,0.8646,0.9294,0.0012,21000,22810,12750,0.959999979,0.270000011,19.37999916,124215.22,103314,5.329999924,38,595,66100,52800,1
Tulane University of Louisiana,Private,Southeast,Large City,0.2643,8290,58904,31,1341,0.718,0.0901,0.0585,0.0364,0.0039,0.0008,0.0293,0.0303,0.2175,58904,21299,10880,0.774,0.1617,0.7602,0.9049,0.1571,20001,27000,10500,0.959999979,0.310000002,22.81999969,78916.25,45863.5,9.210000038,217,1867,63600,51200,1
George Washington University,Private,Mid-Atlantic,Large City,0.3308,10121,58925,29,1297,0.6026,0.0653,0.0739,0.0948,0.002,0.0007,0.033,0.0879,0.0589,58925,19705,13058,0.4853,0.1356,0.8083,0.9226,0.0783,22723,25175,13500,0.99000001,0.270000011,20.29999924,105732.4,85746,5.539999962,198,1956,69400,60100,1
Johns Hopkins University,Private,Mid-Atlantic,Large City,0.1813,5932,58980,32,1418,0.4872,0.0556,0.1015,0.1861,0.0012,0.0007,0.0406,0.1043,0.0158,58980,75570,10922,0.8637,0.1307,0.9254,0.9704,0.0775,17500,18500,15504,0.980000019,0.189999998,22.92000008,83968.47,57761.5,6.179999828,135,1250,73800,64400,1
Boston University,Private,New England,Large City,0.4561,16460,59036,28,1279,0.4733,0.0323,0.0928,0.1326,0.0007,0.001,0.0376,0.1586,0.0258,59036,27281,12360,0.6283,0.1487,0.8448,0.9279,0.0317,25500,27000,15562.5,0.980000019,0.25,19.95000076,106244,91507,5.769999981,334,4062,60000,53600,1
University of Rochester,Private,Mid-Atlantic,Mid-size City,0.3568,6047,59156,31,1353,0.5361,0.0475,0.0567,0.1052,0.0026,0.0008,0.0278,0.1507,0.0377,59156,29937,12762,0.9527,0.1844,0.8518,0.9605,0.0614,24325.5,26000,13500,0.99000001,0.300000012,20.23999977,97862.81,85192,6.260000229,79,996,59500,50200,1
Yale University,Private,New England,Mid-size City,0.0705,5422,59320,34,1497,0.4734,0.0673,0.1013,0.1645,0.0057,0.0006,0.0598,0.1051,0.0011,59320,106214,16042,0.7281,0.1273,0.9779,0.9867,0.0057,12000,12000,12775,0.939999998,0.209999993,22.29999924,73769.14,45652.5,7.769999981,123,1206,100000,70600,1
Duke University,Private,Southeast,Mid-size City,0.1342,6501,59528,32,1444,0.4861,0.1001,0.0611,0.2124,0.0062,0.0005,0.0174,0.0892,0.0009,59528,51653,14288,0.94,0.1366,0.9423,0.972,0.0038,6569,6500,7000,0.959999979,0.239999995,21.30999947,92670.02,73265,6.349999905,107,1107,96500,69400,1
Barnard College,Private,Mid-Atlantic,Large City,0.2053,2486,59581,30,1340,0.5688,0.0535,0.1114,0.1456,0.0008,0,0.0503,0.0696,0.0105,59581,21351,11888,0.6053,0.1841,0.8966,0.9764,0.0048,16000,17493,9750,0.939999998,0.439999998,19.23999977,105139.12,77701,8.739999771,29,305,55100,46900,1
Rhode Island School of Design,Private,New England,Mid-size City,0.2731,2005,59597,28,1239,0.3342,0.0249,0.0828,0.1636,0.0015,0.001,0.0339,0.2369,0,59597,20460,7949,0.2747,0.1537,0.8732,0.9263,0.0259,25000,26024.5,17500,0.99000001,0.280000001,21.53000069,92334.03,75194,6.710000038,68,471,41700,39200,1
University of Pennsylvania,Private,Mid-Atlantic,Large City,0.1224,10606,59600,32,1442,0.4629,0.0731,0.0998,0.1815,0.0014,0.0006,0.0359,0.1052,0.0437,59600,52081,15460,0.7278,0.1417,0.9569,0.9778,0.0567,19500,21500,12500,0.980000019,0.180000007,22.21999931,87200.75,62169,7.010000229,250,2466,106600,73200,1
Carnegie Mellon University,Private,Mid-Atlantic,Large City,0.2549,5834,59710,32,1432,0.3877,0.0519,0.0754,0.2473,0.0005,0.0002,0.0415,0.1414,0.019,59710,24821,11055,0.9324,0.137,0.8799,0.9422,0.0166,23000,25000,14750,0.980000019,0.300000012,19.82999992,103727.25,90107.5,5.909999847,113,1139,90200,72200,1
University of Southern California,Private,Far West,Large City,0.1984,18087,59787,31,1380,0.3812,0.0442,0.1355,0.2306,0.0013,0.0012,0.0475,0.1209,0.0281,59787,42077,13045,0.5727,0.2308,0.9117,0.9599,0.0377,21500,22841.5,17125,0.959999979,0.349999994,21.65999985,74599.85,42938,8.75,462,4462,74400,62300,1
Trinity College,Private,New England,Mid-size City,0.3178,2239,59865,27,1240,0.6498,0.063,0.0728,0.0451,0.0004,0,0.0331,0.0826,0.0447,59865,23403,10884,0.7414,0.116,0.8628,0.9086,0.0278,19275,21500,8000,0.910000026,0.400000006,20.31999969,117428.63,87726,7.480000019,25,337,56000,50300,1
Vanderbilt University,Private,Southeast,Large City,0.1274,6794,59890,33,1475,0.6057,0.0802,0.0792,0.0848,0.0038,0.0006,0.0489,0.0578,0.0057,59890,76995,12871,0.8362,0.1429,0.9252,0.9732,0.0023,13000,13750,8959,0.930000007,0.330000013,19.93000031,99004.36,74999.5,6.650000095,86,937,70800,54400,1
Georgetown University,Private,Mid-Atlantic,Large City,0.1697,7261,59900,31,1398,0.5886,0.0638,0.0788,0.0919,0.0014,0.0008,0.0394,0.1073,0.0281,59900,29282,12851,0.5314,0.1325,0.9245,0.9598,0.0597,17125,17500,12000,0.980000019,0.209999993,21.87000084,87179.34,60247,6.539999962,175,1668,100300,76200,1
New York University,Private,Mid-Atlantic,Large City,0.2605,22172,60059,30,1352,0.3837,0.0467,0.1052,0.1837,0.0024,0.0009,0.0346,0.1363,0.0492,60059,28606,13434,0.4045,0.1987,0.8331,0.925,0.0622,21500,23250,15775,0.970000029,0.370000005,20.72999954,99964.68,74827,7.400000095,579,4758,64600,52500,1
Occidental College,Private,Far West,Large City,0.4239,2101,60655,29,1303,0.515,0.0447,0.158,0.1285,0.0024,0.0019,0.0909,0.0371,0.0057,60655,16465,10402,0.7273,0.2131,0.8777,0.9302,0.0042,20900,21500,12000,0.920000017,0.430000007,19.61000061,86871.68,67714.5,8.569999695,43,385,46300,41100,1
Columbia University in the City of New York,Private,Mid-Atlantic,Large City,0.0742,7970,61540,33,1471,0.3922,0.0749,0.1358,0.1709,0.0055,0.0014,0.0449,0.1368,0.0748,61540,78147,15706,0.5324,0.2154,0.9329,0.9734,0.1744,17125,19435,14500,0.980000019,0.209999993,23.76000023,59265.49,30939,8.779999733,320,2328,92500,69500,1
University of Chicago,Private,Great Lakes,Large City,0.0881,5697,62425,34,1504,0.4546,0.0453,0.0869,0.1813,0.0018,0.0005,0.0374,0.0937,0.0128,62425,74864,16589,0.8076,0.1419,0.9268,0.9934,0.0016,17610,18625,15133.5,0.980000019,0.209999993,21.80999947,75760.31,53224,7.239999771,150,1233,86100,58700,1